<?xml version="1.0"?>
<doc>
    <assembly>
        <name>PEExBridge</name>
    </assembly>
    <members>
        <member name="M:PEExBridge.PEExBridgeData.OnTrigger(PEExBridge.PEExBridgeEventArgs)">
            <summary>イベント呼び出し</summary>
        </member>
        <member name="E:PEExBridge.PEExBridgeData.Trigger">
            <summary>イベントトリガ</summary>
        </member>
        <member name="T:PEExBridge.PEExBridgeClient">
            <summary>
            クライアント接続用 | ※現在調整中(アセンブリのアンロードが現状不可能なので、呼び出しDLL更新のために一々PMDエディタを起動し直さなければならない･･･)
            </summary>
        </member>
        <member name="M:PEExBridge.PEExBridgeClient.#ctor">
            <summary>コンストラクタ</summary>
        </member>
        <member name="M:PEExBridge.PEExBridgeClient.Connect">
            <summary>
            接続処理
            </summary>
        </member>
        <member name="M:PEExBridge.PEExBridgeClient.Connect(System.String)">
            <summary>
            接続
            </summary>
            <param name="name"></param>
        </member>
        <member name="M:PEExBridge.PEExBridgeClient.RunPlugin(System.String,System.String)">
            <summary>
            プラグインの実行
            </summary>
            <param name="dllPath">プラグインDLL</param>
            <param name="name">プラグイン名(登録メニュー名orプラグインクラス名)</param>
        </member>
        <member name="M:PEExBridge.PEExBridgeClient.Dispose">
            <summary>Dispose</summary>
        </member>
        <member name="P:PEExBridge.PEExBridgeClient.ClientChannel">
            <summary>クライアントチャンネル</summary>
        </member>
    </members>
</doc>
